,label,animal_id,Cell,image_id,norm_mean_tmem,norm_mean_cd68,tmem_level,cd68_level,Breeder ID,Animal ID,Age,Section Key,Breeder ID.1,Animal ID.1,Sex,Age.1,Date of Surgery,Ab
0,B01_1_MIP.czi:c:3/4 - B01_1_MIP.czi #1,B01,1,1,0.03102263332152961,0.021378634138357493,low,high,W(26),F2,P17,B01,W(26),F2,Female,P15,12/8/2022,a-IL34
1,B01_1_MIP.czi:c:3/4 - B01_1_MIP.czi #1,B01,2,1,0.016873450358929336,0.006128695179031848,low,mid,W(26),F2,P17,B01,W(26),F2,Female,P15,12/8/2022,a-IL34
2,B01_1_MIP.czi:c:3/4 - B01_1_MIP.czi #1,B01,3,1,0.026969749166958698,0.014695977049044018,low,high,W(26),F2,P17,B01,W(26),F2,Female,P15,12/8/2022,a-IL34
3,B01_1_MIP.czi:c:3/4 - B01_1_MIP.czi #1,B01,4,1,0.023199026573408894,0.0208112572584555,low,high,W(26),F2,P17,B01,W(26),F2,Female,P15,12/8/2022,a-IL34
4,B01_2_MIP.czi:c:3/4 - B01_2_MIP.czi #1,B01,1,2,-0.0004641540664343524,0.010044743838584794,low,high,W(26),F2,P17,B01,W(26),F2,Female,P15,12/8/2022,a-IL34
5,B01_2_MIP.czi:c:3/4 - B01_2_MIP.czi #1,B01,2,2,0.026985282543680156,-0.0004918935935778329,low,mid,W(26),F2,P17,B01,W(26),F2,Female,P15,12/8/2022,a-IL34
6,B01_2_MIP.czi:c:3/4 - B01_2_MIP.czi #1,B01,3,2,-0.01747098021368461,0.009651517555202077,low,mid,W(26),F2,P17,B01,W(26),F2,Female,P15,12/8/2022,a-IL34
7,B01_2_MIP.czi:c:3/4 - B01_2_MIP.czi #1,B01,4,2,0.020121640596773543,0.002358450438512655,low,mid,W(26),F2,P17,B01,W(26),F2,Female,P15,12/8/2022,a-IL34
8,B01_3_MIP.czi:c:3/4 - B01_3_MIP.czi #1,B01,1,3,0.045237418075482906,0.005589958658661333,low,mid,W(26),F2,P17,B01,W(26),F2,Female,P15,12/8/2022,a-IL34
9,B01_3_MIP.czi:c:3/4 - B01_3_MIP.czi #1,B01,2,3,0.023409948405148012,0.034838619582104144,low,high,W(26),F2,P17,B01,W(26),F2,Female,P15,12/8/2022,a-IL34
10,B01_3_MIP.czi:c:3/4 - B01_3_MIP.czi #1,B01,3,3,0.018532154804307296,0.007034966720482302,low,mid,W(26),F2,P17,B01,W(26),F2,Female,P15,12/8/2022,a-IL34
11,B01_3_MIP.czi:c:3/4 - B01_3_MIP.czi #1,B01,4,3,0.016203404619770073,0.004105474093845721,low,mid,W(26),F2,P17,B01,W(26),F2,Female,P15,12/8/2022,a-IL34
12,B02_1_MIP.czi:c:3/4 - B02_1_MIP.czi #1,B02,1,1,0.053961392033646444,-0.02908591209450495,mid,low,W(22),F2,P17,B02,W(22),F2,Female,P15,12/18/2022,a-gp120
13,B02_1_MIP.czi:c:3/4 - B02_1_MIP.czi #1,B02,2,1,0.06822274528391656,-0.007691520475710839,mid,low,W(22),F2,P17,B02,W(22),F2,Female,P15,12/18/2022,a-gp120
14,B02_1_MIP.czi:c:3/4 - B02_1_MIP.czi #1,B02,3,1,0.024541295944611186,-0.038161780212163154,low,low,W(22),F2,P17,B02,W(22),F2,Female,P15,12/18/2022,a-gp120
15,B02_1_MIP.czi:c:3/4 - B02_1_MIP.czi #1,B02,4,1,0.08952666437665044,-0.04878271323987203,mid,low,W(22),F2,P17,B02,W(22),F2,Female,P15,12/18/2022,a-gp120
16,B02_2_MIP.czi:c:3/4 - B02_2_MIP.czi #1,B02,1,2,0.00033219645293315614,-0.00648431105047749,low,mid,W(22),F2,P17,B02,W(22),F2,Female,P15,12/18/2022,a-gp120
17,B02_2_MIP.czi:c:3/4 - B02_2_MIP.czi #1,B02,2,2,0.023284295448000814,-0.02194027573341717,low,low,W(22),F2,P17,B02,W(22),F2,Female,P15,12/18/2022,a-gp120
18,B02_2_MIP.czi:c:3/4 - B02_2_MIP.czi #1,B02,3,2,0.04392305846365574,0.007460541875196958,low,mid,W(22),F2,P17,B02,W(22),F2,Female,P15,12/18/2022,a-gp120
19,B02_2_MIP.czi:c:3/4 - B02_2_MIP.czi #1,B02,4,2,0.09978304600600243,-0.0034047652677096363,mid,mid,W(22),F2,P17,B02,W(22),F2,Female,P15,12/18/2022,a-gp120
20,B02_3_MIP.czi:c:3/4 - B02_3_MIP.czi #1,B02,1,3,0.03569256686229627,0.0022900098208110675,low,mid,W(22),F2,P17,B02,W(22),F2,Female,P15,12/18/2022,a-gp120
21,B02_3_MIP.czi:c:3/4 - B02_3_MIP.czi #1,B02,2,3,0.030303856504543564,-0.02186357624532624,low,low,W(22),F2,P17,B02,W(22),F2,Female,P15,12/18/2022,a-gp120
22,B02_3_MIP.czi:c:3/4 - B02_3_MIP.czi #1,B02,3,3,0.06451281562405803,-0.004877986558347522,mid,mid,W(22),F2,P17,B02,W(22),F2,Female,P15,12/18/2022,a-gp120
23,B02_3_MIP.czi:c:3/4 - B02_3_MIP.czi #1,B02,4,3,0.07169072078805294,-0.0008922229907574603,mid,mid,W(22),F2,P17,B02,W(22),F2,Female,P15,12/18/2022,a-gp120
24,B03_1_MIP.czi:c:3/4 - B03_1_MIP.czi #1,B03,1,1,0.0375618337450435,0.0077505386322344605,low,mid,W(25),M4,P17,B03,W(25),M4,Male,P15,12/10/2022,a-IL34
25,B03_1_MIP.czi:c:3/4 - B03_1_MIP.czi #1,B03,2,1,0.027262875513559562,0.030269916805794383,low,high,W(25),M4,P17,B03,W(25),M4,Male,P15,12/10/2022,a-IL34
26,B03_1_MIP.czi:c:3/4 - B03_1_MIP.czi #1,B03,3,1,0.15745705690975986,0.013992066835194675,high,high,W(25),M4,P17,B03,W(25),M4,Male,P15,12/10/2022,a-IL34
27,B03_1_MIP.czi:c:3/4 - B03_1_MIP.czi #1,B03,4,1,0.052192261497537085,0.019235074378980206,mid,high,W(25),M4,P17,B03,W(25),M4,Male,P15,12/10/2022,a-IL34
28,B03_2_MIP.czi:c:3/4 - B03_2_MIP.czi #1,B03,1,2,0.023922843091951862,0.023584004621756735,low,high,W(25),M4,P17,B03,W(25),M4,Male,P15,12/10/2022,a-IL34
29,B03_2_MIP.czi:c:3/4 - B03_2_MIP.czi #1,B03,2,2,0.05172055601193645,0.031200214583021857,mid,high,W(25),M4,P17,B03,W(25),M4,Male,P15,12/10/2022,a-IL34
30,B03_2_MIP.czi:c:3/4 - B03_2_MIP.czi #1,B03,3,2,-0.00588123827218693,0.042168902076419906,low,high,W(25),M4,P17,B03,W(25),M4,Male,P15,12/10/2022,a-IL34
31,B03_2_MIP.czi:c:3/4 - B03_2_MIP.czi #1,B03,4,2,0.045597303529374154,0.012530437033070864,low,high,W(25),M4,P17,B03,W(25),M4,Male,P15,12/10/2022,a-IL34
32,B03_3_MIP.czi:c:3/4 - B03_3_MIP.czi #1,B03,1,3,0.010705953415097703,0.02260744044351625,low,high,W(25),M4,P17,B03,W(25),M4,Male,P15,12/10/2022,a-IL34
33,B03_3_MIP.czi:c:3/4 - B03_3_MIP.czi #1,B03,2,3,0.018595889400311746,0.006317567658203002,low,mid,W(25),M4,P17,B03,W(25),M4,Male,P15,12/10/2022,a-IL34
34,B03_3_MIP.czi:c:3/4 - B03_3_MIP.czi #1,B03,3,3,0.08285085174997037,-0.014146971313085954,mid,low,W(25),M4,P17,B03,W(25),M4,Male,P15,12/10/2022,a-IL34
35,B03_3_MIP.czi:c:3/4 - B03_3_MIP.czi #1,B03,4,3,0.09489935578712175,0.0027767869601711126,mid,mid,W(25),M4,P17,B03,W(25),M4,Male,P15,12/10/2022,a-IL34
36,B04_1_MIP.czi:c:3/4 - B04_1_MIP.czi #1,B04,1,1,0.25045096363808983,0.021375460673381502,high,high,W(26),M1,P17,B04,W(26),M1,Male,P15,12/8/2022,a-gp120
37,B04_1_MIP.czi:c:3/4 - B04_1_MIP.czi #1,B04,2,1,0.3267512141650046,-0.0051404472999101725,high,mid,W(26),M1,P17,B04,W(26),M1,Male,P15,12/8/2022,a-gp120
38,B04_1_MIP.czi:c:3/4 - B04_1_MIP.czi #1,B04,3,1,0.23738797769896341,-0.02882669417301928,high,low,W(26),M1,P17,B04,W(26),M1,Male,P15,12/8/2022,a-gp120
39,B04_1_MIP.czi:c:3/4 - B04_1_MIP.czi #1,B04,4,1,0.17987793897603635,-0.010776927585202073,high,low,W(26),M1,P17,B04,W(26),M1,Male,P15,12/8/2022,a-gp120
40,B04_2_MIP.czi:c:3/4 - B04_2_MIP.czi #1,B04,1,2,0.2522474148348935,-0.019753916279032765,high,low,W(26),M1,P17,B04,W(26),M1,Male,P15,12/8/2022,a-gp120
41,B04_2_MIP.czi:c:3/4 - B04_2_MIP.czi #1,B04,2,2,0.18259629717410233,-0.01426094918588687,high,low,W(26),M1,P17,B04,W(26),M1,Male,P15,12/8/2022,a-gp120
42,B04_2_MIP.czi:c:3/4 - B04_2_MIP.czi #1,B04,3,2,0.4602267016887184,0.0007096311547770129,high,mid,W(26),M1,P17,B04,W(26),M1,Male,P15,12/8/2022,a-gp120
43,B04_2_MIP.czi:c:3/4 - B04_2_MIP.czi #1,B04,4,2,0.25538782499163537,0.012783434303243774,high,high,W(26),M1,P17,B04,W(26),M1,Male,P15,12/8/2022,a-gp120
44,B04_3_MIP.czi:c:3/4 - B04_3_MIP.czi #1,B04,1,3,0.1249787789148768,-0.010729968581770076,high,low,W(26),M1,P17,B04,W(26),M1,Male,P15,12/8/2022,a-gp120
45,B04_3_MIP.czi:c:3/4 - B04_3_MIP.czi #1,B04,2,3,0.11305484315257329,-0.008262991541500522,high,low,W(26),M1,P17,B04,W(26),M1,Male,P15,12/8/2022,a-gp120
46,B04_3_MIP.czi:c:3/4 - B04_3_MIP.czi #1,B04,3,3,0.14926816825297645,-0.007894662100209476,high,low,W(26),M1,P17,B04,W(26),M1,Male,P15,12/8/2022,a-gp120
47,B04_3_MIP.czi:c:3/4 - B04_3_MIP.czi #1,B04,4,3,0.16907033258188264,-0.048939172284124643,high,low,W(26),M1,P17,B04,W(26),M1,Male,P15,12/8/2022,a-gp120
48,B06_1_MIP.czi:c:3/4 - B06_1_MIP.czi #1,B06,1,1,0.23634874974571246,0.14575680187760914,high,high,W(26),M3,P17,B06,W(26),M3,Male,P15,12/8/2022,a-CSF1
49,B06_1_MIP.czi:c:3/4 - B06_1_MIP.czi #1,B06,2,1,0.23781079614626002,0.15123949786931876,high,high,W(26),M3,P17,B06,W(26),M3,Male,P15,12/8/2022,a-CSF1
50,B06_1_MIP.czi:c:3/4 - B06_1_MIP.czi #1,B06,3,1,0.1583533702994913,0.139288265153126,high,high,W(26),M3,P17,B06,W(26),M3,Male,P15,12/8/2022,a-CSF1
51,B06_1_MIP.czi:c:3/4 - B06_1_MIP.czi #1,B06,4,1,0.06074533037062124,0.05539901716601603,mid,high,W(26),M3,P17,B06,W(26),M3,Male,P15,12/8/2022,a-CSF1
52,B06_2_MIP.czi:c:3/4 - B06_2_MIP.czi #1,B06,1,2,0.04887125567051963,0.05706044110836411,low,high,W(26),M3,P17,B06,W(26),M3,Male,P15,12/8/2022,a-CSF1
53,B06_2_MIP.czi:c:3/4 - B06_2_MIP.czi #1,B06,2,2,0.07472262003568259,0.07552757807690968,mid,high,W(26),M3,P17,B06,W(26),M3,Male,P15,12/8/2022,a-CSF1
54,B06_2_MIP.czi:c:3/4 - B06_2_MIP.czi #1,B06,3,2,0.062068048071543654,0.04844434208699822,mid,high,W(26),M3,P17,B06,W(26),M3,Male,P15,12/8/2022,a-CSF1
55,B06_2_MIP.czi:c:3/4 - B06_2_MIP.czi #1,B06,4,2,0.09819798403360855,0.037437427294852145,mid,high,W(26),M3,P17,B06,W(26),M3,Male,P15,12/8/2022,a-CSF1
56,B06_3_MIP.czi:c:3/4 - B06_3_MIP.czi #1,B06,1,3,0.05210917173543562,0.03102432487883048,mid,high,W(26),M3,P17,B06,W(26),M3,Male,P15,12/8/2022,a-CSF1
57,B06_3_MIP.czi:c:3/4 - B06_3_MIP.czi #1,B06,2,3,0.02305560423500537,0.0353548548866872,low,high,W(26),M3,P17,B06,W(26),M3,Male,P15,12/8/2022,a-CSF1
58,B06_3_MIP.czi:c:3/4 - B06_3_MIP.czi #1,B06,3,3,0.0498872102903578,0.049620375574593555,low,high,W(26),M3,P17,B06,W(26),M3,Male,P15,12/8/2022,a-CSF1
59,B06_3_MIP.czi:c:3/4 - B06_3_MIP.czi #1,B06,4,3,0.059855512960753435,0.060193006732008114,mid,high,W(26),M3,P17,B06,W(26),M3,Male,P15,12/8/2022,a-CSF1
60,B08_1_MIP.czi:c:3/4 - B08_1_MIP.czi #1,B08,1,1,0.03585053360121005,0.010914774962536303,low,high,W(22),M3,P17,B08,W(22),M3,Male,P15,12/18/2022,a-IL34
61,B08_1_MIP.czi:c:3/4 - B08_1_MIP.czi #1,B08,2,1,0.05505851819918908,0.014325890152397824,mid,high,W(22),M3,P17,B08,W(22),M3,Male,P15,12/18/2022,a-IL34
62,B08_1_MIP.czi:c:3/4 - B08_1_MIP.czi #1,B08,3,1,0.035227396426015384,0.020510648793247675,low,high,W(22),M3,P17,B08,W(22),M3,Male,P15,12/18/2022,a-IL34
63,B08_1_MIP.czi:c:3/4 - B08_1_MIP.czi #1,B08,4,1,0.0556130791215605,0.038113496891309474,mid,high,W(22),M3,P17,B08,W(22),M3,Male,P15,12/18/2022,a-IL34
64,B08_2_MIP.czi:c:3/4 - B08_2_MIP.czi #1,B08,1,2,0.026237887179333452,0.0128221259871404,low,high,W(22),M3,P17,B08,W(22),M3,Male,P15,12/18/2022,a-IL34
65,B08_2_MIP.czi:c:3/4 - B08_2_MIP.czi #1,B08,2,2,0.03576988721705667,0.018726857847395924,low,high,W(22),M3,P17,B08,W(22),M3,Male,P15,12/18/2022,a-IL34
66,B08_2_MIP.czi:c:3/4 - B08_2_MIP.czi #1,B08,3,2,0.016116733871653015,0.010975996168994757,low,high,W(22),M3,P17,B08,W(22),M3,Male,P15,12/18/2022,a-IL34
67,B08_2_MIP.czi:c:3/4 - B08_2_MIP.czi #1,B08,4,2,0.025218700669441207,0.005085140774670226,low,mid,W(22),M3,P17,B08,W(22),M3,Male,P15,12/18/2022,a-IL34
68,B08_3_MIP.czi:c:3/4 - B08_3_MIP.czi #1,B08,1,3,0.018141375654060377,0.006460545939005538,low,mid,W(22),M3,P17,B08,W(22),M3,Male,P15,12/18/2022,a-IL34
69,B08_3_MIP.czi:c:3/4 - B08_3_MIP.czi #1,B08,2,3,0.042920874488884674,-0.006600198910104146,low,mid,W(22),M3,P17,B08,W(22),M3,Male,P15,12/18/2022,a-IL34
70,B08_3_MIP.czi:c:3/4 - B08_3_MIP.czi #1,B08,3,3,0.01964536084865233,0.007043715829172223,low,mid,W(22),M3,P17,B08,W(22),M3,Male,P15,12/18/2022,a-IL34
71,B08_3_MIP.czi:c:3/4 - B08_3_MIP.czi #1,B08,4,3,0.004993033319291962,0.0018037762453371325,low,mid,W(22),M3,P17,B08,W(22),M3,Male,P15,12/18/2022,a-IL34
72,B09_1_MIP.czi:c:3/4 - B09_1_MIP.czi #1,B09,1,1,0.07757107601140734,0.0025247969542470383,mid,mid,W(27),M2,P17,B09,W(27),M2,Male,P15,12/20/2022,a-IL34
73,B09_1_MIP.czi:c:3/4 - B09_1_MIP.czi #1,B09,2,1,0.10835708383223433,0.0010850344151354246,mid,mid,W(27),M2,P17,B09,W(27),M2,Male,P15,12/20/2022,a-IL34
74,B09_1_MIP.czi:c:3/4 - B09_1_MIP.czi #1,B09,3,1,0.1571416057371114,-0.026516620336845056,high,low,W(27),M2,P17,B09,W(27),M2,Male,P15,12/20/2022,a-IL34
75,B09_1_MIP.czi:c:3/4 - B09_1_MIP.czi #1,B09,4,1,0.12269694219395964,0.0009237714574712175,high,mid,W(27),M2,P17,B09,W(27),M2,Male,P15,12/20/2022,a-IL34
76,B09_2_MIP.czi:c:3/4 - B09_2_MIP.czi #1,B09,1,2,0.0283547528973526,-0.0011027945464331529,low,mid,W(27),M2,P17,B09,W(27),M2,Male,P15,12/20/2022,a-IL34
77,B09_2_MIP.czi:c:3/4 - B09_2_MIP.czi #1,B09,2,2,0.020443122899947097,8.642143521209178e-05,low,mid,W(27),M2,P17,B09,W(27),M2,Male,P15,12/20/2022,a-IL34
78,B09_2_MIP.czi:c:3/4 - B09_2_MIP.czi #1,B09,3,2,0.03922492377471689,-0.003063433136275294,low,mid,W(27),M2,P17,B09,W(27),M2,Male,P15,12/20/2022,a-IL34
79,B09_2_MIP.czi:c:3/4 - B09_2_MIP.czi #1,B09,4,2,0.03773036469142625,-0.006323983326376188,low,mid,W(27),M2,P17,B09,W(27),M2,Male,P15,12/20/2022,a-IL34
80,B09_3_MIP.czi:c:3/4 - B09_3_MIP.czi #1,B09,1,3,0.03567272527153656,-0.023459458377734763,low,low,W(27),M2,P17,B09,W(27),M2,Male,P15,12/20/2022,a-IL34
81,B09_3_MIP.czi:c:3/4 - B09_3_MIP.czi #1,B09,2,3,0.00965093693481587,-0.007100919812077951,low,low,W(27),M2,P17,B09,W(27),M2,Male,P15,12/20/2022,a-IL34
82,B09_3_MIP.czi:c:3/4 - B09_3_MIP.czi #1,B09,3,3,0.05464674764529151,-0.00862834564657506,mid,low,W(27),M2,P17,B09,W(27),M2,Male,P15,12/20/2022,a-IL34
83,B09_3_MIP.czi:c:3/4 - B09_3_MIP.czi #1,B09,4,3,0.018667414471417725,-0.004261916076258317,low,mid,W(27),M2,P17,B09,W(27),M2,Male,P15,12/20/2022,a-IL34
84,B10_1_MIP.czi:c:3/4 - B10_1_MIP.czi #1,B10,1,1,0.036256499951999574,0.016968025549579324,low,high,W(25),F1,P17,B10,W(25),F1,Female,P15,12/10/2022,a-IL34
85,B10_1_MIP.czi:c:3/4 - B10_1_MIP.czi #1,B10,2,1,0.12086288792389879,0.017049072293606027,high,high,W(25),F1,P17,B10,W(25),F1,Female,P15,12/10/2022,a-IL34
86,B10_1_MIP.czi:c:3/4 - B10_1_MIP.czi #1,B10,3,1,0.12302931669604776,0.005324198875077443,high,mid,W(25),F1,P17,B10,W(25),F1,Female,P15,12/10/2022,a-IL34
87,B10_1_MIP.czi:c:3/4 - B10_1_MIP.czi #1,B10,4,1,0.04868893262695101,0.040557571804372056,low,high,W(25),F1,P17,B10,W(25),F1,Female,P15,12/10/2022,a-IL34
88,B10_2_MIP.czi:c:3/4 - B10_2_MIP.czi #1,B10,1,2,0.041688747461740394,-0.005488212569956921,low,mid,W(25),F1,P17,B10,W(25),F1,Female,P15,12/10/2022,a-IL34
89,B10_2_MIP.czi:c:3/4 - B10_2_MIP.czi #1,B10,2,2,0.027660472186559065,0.011718735451342888,low,high,W(25),F1,P17,B10,W(25),F1,Female,P15,12/10/2022,a-IL34
90,B10_2_MIP.czi:c:3/4 - B10_2_MIP.czi #1,B10,3,2,0.06316796042319989,-0.013150421952594873,mid,low,W(25),F1,P17,B10,W(25),F1,Female,P15,12/10/2022,a-IL34
91,B10_2_MIP.czi:c:3/4 - B10_2_MIP.czi #1,B10,4,2,0.021394356420035447,-0.003143158203324857,low,mid,W(25),F1,P17,B10,W(25),F1,Female,P15,12/10/2022,a-IL34
92,B10_3_MIP.czi:c:3/4 - B10_3_MIP.czi #1,B10,1,3,0.017929700753638173,0.005650535707578966,low,mid,W(25),F1,P17,B10,W(25),F1,Female,P15,12/10/2022,a-IL34
93,B10_3_MIP.czi:c:3/4 - B10_3_MIP.czi #1,B10,2,3,0.01763652000129442,0.007450453162626339,low,mid,W(25),F1,P17,B10,W(25),F1,Female,P15,12/10/2022,a-IL34
94,B10_3_MIP.czi:c:3/4 - B10_3_MIP.czi #1,B10,3,3,0.02834831910120176,0.005424939067263282,low,mid,W(25),F1,P17,B10,W(25),F1,Female,P15,12/10/2022,a-IL34
95,B10_3_MIP.czi:c:3/4 - B10_3_MIP.czi #1,B10,4,3,-0.007586918198509242,-0.010185137774396717,low,low,W(25),F1,P17,B10,W(25),F1,Female,P15,12/10/2022,a-IL34
96,B11_1_MIP.czi:c:3/4 - B11_1_MIP.czi #1,B11,1,1,0.08598168425568714,0.08663530380591816,mid,high,W(22),F3,P17,B11,W(22),F3,Female,P15,12/18/2022,a-CSF1
97,B11_1_MIP.czi:c:3/4 - B11_1_MIP.czi #1,B11,2,1,0.13604255332329745,0.14367864156460436,high,high,W(22),F3,P17,B11,W(22),F3,Female,P15,12/18/2022,a-CSF1
98,B11_1_MIP.czi:c:3/4 - B11_1_MIP.czi #1,B11,3,1,0.12817775131589806,0.07599123513845016,high,high,W(22),F3,P17,B11,W(22),F3,Female,P15,12/18/2022,a-CSF1
99,B11_1_MIP.czi:c:3/4 - B11_1_MIP.czi #1,B11,4,1,0.11650370120402216,0.06011174933160758,high,high,W(22),F3,P17,B11,W(22),F3,Female,P15,12/18/2022,a-CSF1
100,B11_2_MIP.czi:c:3/4 - B11_2_MIP.czi #1,B11,1,2,0.18043236214607028,0.046286913056410264,high,high,W(22),F3,P17,B11,W(22),F3,Female,P15,12/18/2022,a-CSF1
101,B11_2_MIP.czi:c:3/4 - B11_2_MIP.czi #1,B11,2,2,0.2726137808702606,0.0950798990422654,high,high,W(22),F3,P17,B11,W(22),F3,Female,P15,12/18/2022,a-CSF1
102,B11_2_MIP.czi:c:3/4 - B11_2_MIP.czi #1,B11,3,2,0.1791551031160486,0.09431337930804826,high,high,W(22),F3,P17,B11,W(22),F3,Female,P15,12/18/2022,a-CSF1
103,B11_2_MIP.czi:c:3/4 - B11_2_MIP.czi #1,B11,4,2,0.10449935743561041,0.07032035778628278,mid,high,W(22),F3,P17,B11,W(22),F3,Female,P15,12/18/2022,a-CSF1
104,B11_3_MIP.czi:c:3/4 - B11_3_MIP.czi #1,B11,1,3,0.12525741748653968,0.07955698883480791,high,high,W(22),F3,P17,B11,W(22),F3,Female,P15,12/18/2022,a-CSF1
105,B11_3_MIP.czi:c:3/4 - B11_3_MIP.czi #1,B11,2,3,0.10259090700883293,0.09407607130374869,mid,high,W(22),F3,P17,B11,W(22),F3,Female,P15,12/18/2022,a-CSF1
106,B11_3_MIP.czi:c:3/4 - B11_3_MIP.czi #1,B11,3,3,0.11876487645139246,0.07580436319995414,high,high,W(22),F3,P17,B11,W(22),F3,Female,P15,12/18/2022,a-CSF1
107,B11_3_MIP.czi:c:3/4 - B11_3_MIP.czi #1,B11,4,3,0.1346086233391041,0.07506909339672485,high,high,W(22),F3,P17,B11,W(22),F3,Female,P15,12/18/2022,a-CSF1
108,B12_1_MIP.czi:c:3/4 - B12_1_MIP.czi #1,B12,1,1,0.026599103388139034,-0.01292799184429709,low,low,W(22),F1,P17,B12,W(22),F1,Female,P15,12/18/2022,a-gp120
109,B12_1_MIP.czi:c:3/4 - B12_1_MIP.czi #1,B12,2,1,0.027039566225428358,-0.017693436474686637,low,low,W(22),F1,P17,B12,W(22),F1,Female,P15,12/18/2022,a-gp120
110,B12_1_MIP.czi:c:3/4 - B12_1_MIP.czi #1,B12,3,1,0.09298655763490528,0.016026694347679254,mid,high,W(22),F1,P17,B12,W(22),F1,Female,P15,12/18/2022,a-gp120
111,B12_1_MIP.czi:c:3/4 - B12_1_MIP.czi #1,B12,4,1,0.1088517440316623,-0.01456226198345148,mid,low,W(22),F1,P17,B12,W(22),F1,Female,P15,12/18/2022,a-gp120
112,B12_2_MIP.czi:c:3/4 - B12_2_MIP.czi #1,B12,1,2,0.14728901989541154,-0.0419305159706343,high,low,W(22),F1,P17,B12,W(22),F1,Female,P15,12/18/2022,a-gp120
113,B12_2_MIP.czi:c:3/4 - B12_2_MIP.czi #1,B12,2,2,0.14064917239534258,-0.019069802607856123,high,low,W(22),F1,P17,B12,W(22),F1,Female,P15,12/18/2022,a-gp120
114,B12_2_MIP.czi:c:3/4 - B12_2_MIP.czi #1,B12,3,2,0.16218432811271838,-0.05420457025363187,high,low,W(22),F1,P17,B12,W(22),F1,Female,P15,12/18/2022,a-gp120
115,B12_2_MIP.czi:c:3/4 - B12_2_MIP.czi #1,B12,4,2,0.1934538880692609,-0.019027304938885964,high,low,W(22),F1,P17,B12,W(22),F1,Female,P15,12/18/2022,a-gp120
116,B12_3_MIP.czi:c:3/4 - B12_3_MIP.czi #1,B12,1,3,0.18686484828900599,-0.07544003112696768,high,low,W(22),F1,P17,B12,W(22),F1,Female,P15,12/18/2022,a-gp120
117,B12_3_MIP.czi:c:3/4 - B12_3_MIP.czi #1,B12,2,3,0.10087700035683893,-0.019084936821205392,mid,low,W(22),F1,P17,B12,W(22),F1,Female,P15,12/18/2022,a-gp120
118,B12_3_MIP.czi:c:3/4 - B12_3_MIP.czi #1,B12,3,3,0.15422234092803214,-0.04680285685315845,high,low,W(22),F1,P17,B12,W(22),F1,Female,P15,12/18/2022,a-gp120
119,B12_3_MIP.czi:c:3/4 - B12_3_MIP.czi #1,B12,4,3,0.14577177829171978,-0.05684539261496829,high,low,W(22),F1,P17,B12,W(22),F1,Female,P15,12/18/2022,a-gp120
120,B13_1_MIP.czi:c:3/4 - B13_1_MIP.czi #1,B13,1,1,0.061925609617815194,0.008650391753945899,mid,mid,W(22),M1,P17,B13,W(22),M1,Male,P15,12/18/2022,a-gp120
121,B13_1_MIP.czi:c:3/4 - B13_1_MIP.czi #1,B13,2,1,0.15684033601046593,0.010824927333802206,high,high,W(22),M1,P17,B13,W(22),M1,Male,P15,12/18/2022,a-gp120
122,B13_1_MIP.czi:c:3/4 - B13_1_MIP.czi #1,B13,3,1,0.07638963121823168,0.0019419956370278352,mid,mid,W(22),M1,P17,B13,W(22),M1,Male,P15,12/18/2022,a-gp120
123,B13_1_MIP.czi:c:3/4 - B13_1_MIP.czi #1,B13,4,1,0.055581197272567245,0.010314949015278754,mid,high,W(22),M1,P17,B13,W(22),M1,Male,P15,12/18/2022,a-gp120
124,B13_2_MIP.czi:c:3/4 - B13_2_MIP.czi #1,B13,1,2,0.08816755808399658,-0.006889729505247258,mid,mid,W(22),M1,P17,B13,W(22),M1,Male,P15,12/18/2022,a-gp120
125,B13_2_MIP.czi:c:3/4 - B13_2_MIP.czi #1,B13,2,2,0.06791883077300986,-0.0014172760045945768,mid,mid,W(22),M1,P17,B13,W(22),M1,Male,P15,12/18/2022,a-gp120
126,B13_2_MIP.czi:c:3/4 - B13_2_MIP.czi #1,B13,3,2,0.10233294004075942,-0.0016762064493481416,mid,mid,W(22),M1,P17,B13,W(22),M1,Male,P15,12/18/2022,a-gp120
127,B13_2_MIP.czi:c:3/4 - B13_2_MIP.czi #1,B13,4,2,0.08326229439467837,0.012716484597902276,mid,high,W(22),M1,P17,B13,W(22),M1,Male,P15,12/18/2022,a-gp120
128,B13_3_MIP.czi:c:3/4 - B13_3_MIP.czi #1,B13,1,3,0.051838735916806364,-0.0016249159775272443,mid,mid,W(22),M1,P17,B13,W(22),M1,Male,P15,12/18/2022,a-gp120
129,B13_3_MIP.czi:c:3/4 - B13_3_MIP.czi #1,B13,2,3,0.049731131896845526,-0.015311399439542545,low,low,W(22),M1,P17,B13,W(22),M1,Male,P15,12/18/2022,a-gp120
130,B13_3_MIP.czi:c:3/4 - B13_3_MIP.czi #1,B13,3,3,0.08565978154551719,-0.007136458785465427,mid,low,W(22),M1,P17,B13,W(22),M1,Male,P15,12/18/2022,a-gp120
131,B13_3_MIP.czi:c:3/4 - B13_3_MIP.czi #1,B13,4,3,0.06993465263469997,-0.005615482108793229,mid,mid,W(22),M1,P17,B13,W(22),M1,Male,P15,12/18/2022,a-gp120
132,B14_1_MIP.czi:c:3/4 - B14_1_MIP.czi #1,B14,1,1,0.09479765766091096,0.007441302262470903,mid,mid,W(22),F4,P17,B14,W(22),F4,Female,P15,12/18/2022,a-IL34
133,B14_1_MIP.czi:c:3/4 - B14_1_MIP.czi #1,B14,2,1,0.022602749070694338,0.005077119187483936,low,mid,W(22),F4,P17,B14,W(22),F4,Female,P15,12/18/2022,a-IL34
134,B14_1_MIP.czi:c:3/4 - B14_1_MIP.czi #1,B14,3,1,0.030426463467280725,0.011260878359108748,low,high,W(22),F4,P17,B14,W(22),F4,Female,P15,12/18/2022,a-IL34
135,B14_1_MIP.czi:c:3/4 - B14_1_MIP.czi #1,B14,4,1,0.11482250428386229,0.018616795284775167,high,high,W(22),F4,P17,B14,W(22),F4,Female,P15,12/18/2022,a-IL34
136,B14_2_MIP.czi:c:3/4 - B14_2_MIP.czi #1,B14,1,2,0.05226892367557508,-0.006487018905791259,mid,mid,W(22),F4,P17,B14,W(22),F4,Female,P15,12/18/2022,a-IL34
137,B14_2_MIP.czi:c:3/4 - B14_2_MIP.czi #1,B14,2,2,0.05421875374253941,0.012835794245798005,mid,high,W(22),F4,P17,B14,W(22),F4,Female,P15,12/18/2022,a-IL34
138,B14_2_MIP.czi:c:3/4 - B14_2_MIP.czi #1,B14,3,2,0.11788842678566552,0.001500512037018703,high,mid,W(22),F4,P17,B14,W(22),F4,Female,P15,12/18/2022,a-IL34
139,B14_2_MIP.czi:c:3/4 - B14_2_MIP.czi #1,B14,4,2,0.06791940366368737,0.005017212024980143,mid,mid,W(22),F4,P17,B14,W(22),F4,Female,P15,12/18/2022,a-IL34
140,B14_3_MIP.czi:c:3/4 - B14_3_MIP.czi #1,B14,1,3,0.036383005506883136,0.009429903258474037,low,mid,W(22),F4,P17,B14,W(22),F4,Female,P15,12/18/2022,a-IL34
141,B14_3_MIP.czi:c:3/4 - B14_3_MIP.czi #1,B14,2,3,0.016346883847067332,0.00737934901225671,low,mid,W(22),F4,P17,B14,W(22),F4,Female,P15,12/18/2022,a-IL34
142,B14_3_MIP.czi:c:3/4 - B14_3_MIP.czi #1,B14,3,3,0.01732643583242089,0.001150017519798159,low,mid,W(22),F4,P17,B14,W(22),F4,Female,P15,12/18/2022,a-IL34
143,B14_3_MIP.czi:c:3/4 - B14_3_MIP.czi #1,B14,4,3,0.025360702436699856,0.0014205964457477335,low,mid,W(22),F4,P17,B14,W(22),F4,Female,P15,12/18/2022,a-IL34
144,B15_1_MIP.czi:c:3/4 - B15_1_MIP.czi #1,B15,1,1,0.04232618097906868,0.011771039792188312,low,high,W(27),M4,P17,B15,W(27),M4,Male,P15,12/20/2022,a-CSF1
145,B15_1_MIP.czi:c:3/4 - B15_1_MIP.czi #1,B15,2,1,0.003736779738421396,0.01482198290343801,low,high,W(27),M4,P17,B15,W(27),M4,Male,P15,12/20/2022,a-CSF1
146,B15_1_MIP.czi:c:3/4 - B15_1_MIP.czi #1,B15,3,1,0.062039686568561014,0.00048665250572156593,mid,mid,W(27),M4,P17,B15,W(27),M4,Male,P15,12/20/2022,a-CSF1
147,B15_1_MIP.czi:c:3/4 - B15_1_MIP.czi #1,B15,4,1,0.04568087361830914,0.01529668802841877,low,high,W(27),M4,P17,B15,W(27),M4,Male,P15,12/20/2022,a-CSF1
148,B15_2_MIP.czi:c:3/4 - B15_2_MIP.czi #1,B15,1,2,0.01819571456106911,0.008005482620521275,low,mid,W(27),M4,P17,B15,W(27),M4,Male,P15,12/20/2022,a-CSF1
149,B15_2_MIP.czi:c:3/4 - B15_2_MIP.czi #1,B15,2,2,0.02859006009977607,0.021992390088591114,low,high,W(27),M4,P17,B15,W(27),M4,Male,P15,12/20/2022,a-CSF1
150,B15_2_MIP.czi:c:3/4 - B15_2_MIP.czi #1,B15,3,2,0.029660858913651573,0.010168991596126536,low,high,W(27),M4,P17,B15,W(27),M4,Male,P15,12/20/2022,a-CSF1
151,B15_2_MIP.czi:c:3/4 - B15_2_MIP.czi #1,B15,4,2,0.039512014449956,0.052166185904826745,low,high,W(27),M4,P17,B15,W(27),M4,Male,P15,12/20/2022,a-CSF1
152,B15_3_MIP.czi:c:3/4 - B15_3_MIP.czi #1,B15,1,3,0.024807296138802087,0.01839109367466217,low,high,W(27),M4,P17,B15,W(27),M4,Male,P15,12/20/2022,a-CSF1
153,B15_3_MIP.czi:c:3/4 - B15_3_MIP.czi #1,B15,2,3,0.04236104598554762,0.022476979345409938,low,high,W(27),M4,P17,B15,W(27),M4,Male,P15,12/20/2022,a-CSF1
154,B15_3_MIP.czi:c:3/4 - B15_3_MIP.czi #1,B15,3,3,0.03789309518568795,0.019881625935763744,low,high,W(27),M4,P17,B15,W(27),M4,Male,P15,12/20/2022,a-CSF1
155,B15_3_MIP.czi:c:3/4 - B15_3_MIP.czi #1,B15,4,3,0.024283447780637568,0.019307053260224874,low,high,W(27),M4,P17,B15,W(27),M4,Male,P15,12/20/2022,a-CSF1
156,B16_1_MIP.czi:c:3/4 - B16_1_MIP.czi #1,B16,1,1,0.09941431700352103,0.13914095206409938,mid,high,W(27),M1,P17,B16,W(27),M1,Male,P15,12/20/2022,a-gp120
157,B16_1_MIP.czi:c:3/4 - B16_1_MIP.czi #1,B16,2,1,0.07957851544367249,0.021837066978934047,mid,high,W(27),M1,P17,B16,W(27),M1,Male,P15,12/20/2022,a-gp120
158,B16_1_MIP.czi:c:3/4 - B16_1_MIP.czi #1,B16,3,1,0.09816880305542078,0.050717975023308784,mid,high,W(27),M1,P17,B16,W(27),M1,Male,P15,12/20/2022,a-gp120
159,B16_1_MIP.czi:c:3/4 - B16_1_MIP.czi #1,B16,4,1,0.07547459365062063,0.049290591561011746,mid,high,W(27),M1,P17,B16,W(27),M1,Male,P15,12/20/2022,a-gp120
160,B16_2_MIP.czi:c:3/4 - B16_2_MIP.czi #1,B16,1,2,0.08915090663305482,0.016884310558438656,mid,high,W(27),M1,P17,B16,W(27),M1,Male,P15,12/20/2022,a-gp120
161,B16_2_MIP.czi:c:3/4 - B16_2_MIP.czi #1,B16,2,2,0.04271825773856802,0.030504257514355815,low,high,W(27),M1,P17,B16,W(27),M1,Male,P15,12/20/2022,a-gp120
162,B16_2_MIP.czi:c:3/4 - B16_2_MIP.czi #1,B16,3,2,0.12915874282542883,0.041268776172192836,high,high,W(27),M1,P17,B16,W(27),M1,Male,P15,12/20/2022,a-gp120
163,B16_2_MIP.czi:c:3/4 - B16_2_MIP.czi #1,B16,4,2,0.13500235638970023,0.08039626188552604,high,high,W(27),M1,P17,B16,W(27),M1,Male,P15,12/20/2022,a-gp120
164,B16_3_MIP.czi:c:3/4 - B16_3_MIP.czi #1,B16,1,3,0.07801224475427904,0.04972946961189613,mid,high,W(27),M1,P17,B16,W(27),M1,Male,P15,12/20/2022,a-gp120
165,B16_3_MIP.czi:c:3/4 - B16_3_MIP.czi #1,B16,2,3,0.08431477619579038,0.0655957777509442,mid,high,W(27),M1,P17,B16,W(27),M1,Male,P15,12/20/2022,a-gp120
166,B16_3_MIP.czi:c:3/4 - B16_3_MIP.czi #1,B16,3,3,0.06718584837958466,0.02776797525265639,mid,high,W(27),M1,P17,B16,W(27),M1,Male,P15,12/20/2022,a-gp120
167,B16_3_MIP.czi:c:3/4 - B16_3_MIP.czi #1,B16,4,3,0.20569167065535485,0.0467617741256742,high,high,W(27),M1,P17,B16,W(27),M1,Male,P15,12/20/2022,a-gp120
168,B17_2_MIP.czi:c:3/4 - B17_2_MIP.czi #1,B17,1,2,0.0708517656538922,-0.0062282272052043425,mid,mid,W(27),M3,P17,B17,W(27),M3,Male,P15,12/20/2022,a-IL34
169,B17_2_MIP.czi:c:3/4 - B17_2_MIP.czi #1,B17,2,2,0.03576511257002022,0.009024193583329627,low,mid,W(27),M3,P17,B17,W(27),M3,Male,P15,12/20/2022,a-IL34
170,B17_2_MIP.czi:c:3/4 - B17_2_MIP.czi #1,B17,3,2,0.042015320195707806,0.01634467727202843,low,high,W(27),M3,P17,B17,W(27),M3,Male,P15,12/20/2022,a-IL34
171,B17_2_MIP.czi:c:3/4 - B17_2_MIP.czi #1,B17,4,2,0.06148032647384277,0.027309840081707615,mid,high,W(27),M3,P17,B17,W(27),M3,Male,P15,12/20/2022,a-IL34
172,B17_3_MIP.czi:c:3/4 - B17_3_MIP.czi #1,B17,1,3,0.007688797521449867,-0.006705366273364405,low,mid,W(27),M3,P17,B17,W(27),M3,Male,P15,12/20/2022,a-IL34
173,B17_3_MIP.czi:c:3/4 - B17_3_MIP.czi #1,B17,2,3,0.02894893406677511,0.003913446653442829,low,mid,W(27),M3,P17,B17,W(27),M3,Male,P15,12/20/2022,a-IL34
174,B17_3_MIP.czi:c:3/4 - B17_3_MIP.czi #1,B17,3,3,0.053461875969641526,0.012715631668353836,mid,high,W(27),M3,P17,B17,W(27),M3,Male,P15,12/20/2022,a-IL34
175,B17_3_MIP.czi:c:3/4 - B17_3_MIP.czi #1,B17,4,3,0.024264646304903187,0.02256653107126226,low,high,W(27),M3,P17,B17,W(27),M3,Male,P15,12/20/2022,a-IL34
176,B19_1_MIP.czi:c:3/4 - B19_1_MIP.czi #1,B19,1,1,0.03483888072764066,0.02992833432079928,low,high,W(26),M2,P17,B19,W(26),M2,Male,P15,12/8/2022,a-IL34
177,B19_1_MIP.czi:c:3/4 - B19_1_MIP.czi #1,B19,2,1,0.034243293922369536,0.06104623024833458,low,high,W(26),M2,P17,B19,W(26),M2,Male,P15,12/8/2022,a-IL34
178,B19_1_MIP.czi:c:3/4 - B19_1_MIP.czi #1,B19,3,1,0.07444424131968086,0.03696539064933805,mid,high,W(26),M2,P17,B19,W(26),M2,Male,P15,12/8/2022,a-IL34
179,B19_1_MIP.czi:c:3/4 - B19_1_MIP.czi #1,B19,4,1,0.026809412876900238,0.031064691449734796,low,high,W(26),M2,P17,B19,W(26),M2,Male,P15,12/8/2022,a-IL34
180,B19_2_MIP.czi:c:3/4 - B19_2_MIP.czi #1,B19,1,2,0.025678225553705053,0.0025810645952533337,low,mid,W(26),M2,P17,B19,W(26),M2,Male,P15,12/8/2022,a-IL34
181,B19_2_MIP.czi:c:3/4 - B19_2_MIP.czi #1,B19,2,2,0.03366741601223776,-0.0002472960237276389,low,mid,W(26),M2,P17,B19,W(26),M2,Male,P15,12/8/2022,a-IL34
182,B19_2_MIP.czi:c:3/4 - B19_2_MIP.czi #1,B19,3,2,0.045131442713199826,0.012997297911563427,low,high,W(26),M2,P17,B19,W(26),M2,Male,P15,12/8/2022,a-IL34
183,B19_2_MIP.czi:c:3/4 - B19_2_MIP.czi #1,B19,4,2,0.07093180053240387,-0.00322661123527386,mid,mid,W(26),M2,P17,B19,W(26),M2,Male,P15,12/8/2022,a-IL34
184,B19_3_MIP.czi:c:3/4 - B19_3_MIP.czi #1,B19,1,3,0.03373799482300106,-0.0042735531853385494,low,mid,W(26),M2,P17,B19,W(26),M2,Male,P15,12/8/2022,a-IL34
185,B19_3_MIP.czi:c:3/4 - B19_3_MIP.czi #1,B19,2,3,0.018393761607629837,0.007415605859194312,low,mid,W(26),M2,P17,B19,W(26),M2,Male,P15,12/8/2022,a-IL34
186,B19_3_MIP.czi:c:3/4 - B19_3_MIP.czi #1,B19,3,3,0.019459790334852928,0.002165179587563161,low,mid,W(26),M2,P17,B19,W(26),M2,Male,P15,12/8/2022,a-IL34
187,B19_3_MIP.czi:c:3/4 - B19_3_MIP.czi #1,B19,4,3,0.030162145084040727,0.0020228288150565613,low,mid,W(26),M2,P17,B19,W(26),M2,Male,P15,12/8/2022,a-IL34
188,B20_1_MIP.czi:c:3/4 - B20_1_MIP.czi #1,B20,1,1,0.07719539361229588,0.011799089445357527,mid,high,W(25),M2,P17,B20,W(25),M2,Male,P15,12/10/2022,a-gp120
189,B20_1_MIP.czi:c:3/4 - B20_1_MIP.czi #1,B20,2,1,0.058227234804981105,0.018092549071027426,mid,high,W(25),M2,P17,B20,W(25),M2,Male,P15,12/10/2022,a-gp120
190,B20_1_MIP.czi:c:3/4 - B20_1_MIP.czi #1,B20,3,1,0.11884726922911368,-0.007244984068542806,high,low,W(25),M2,P17,B20,W(25),M2,Male,P15,12/10/2022,a-gp120
191,B20_1_MIP.czi:c:3/4 - B20_1_MIP.czi #1,B20,4,1,0.045643040742163264,0.010456465861080746,low,high,W(25),M2,P17,B20,W(25),M2,Male,P15,12/10/2022,a-gp120
192,B20_2_MIP.czi:c:3/4 - B20_2_MIP.czi #1,B20,1,2,0.11629378902718941,-0.04078870423374849,high,low,W(25),M2,P17,B20,W(25),M2,Male,P15,12/10/2022,a-gp120
193,B20_2_MIP.czi:c:3/4 - B20_2_MIP.czi #1,B20,2,2,0.03779929812294093,-0.009144249893361836,low,low,W(25),M2,P17,B20,W(25),M2,Male,P15,12/10/2022,a-gp120
194,B20_2_MIP.czi:c:3/4 - B20_2_MIP.czi #1,B20,3,2,0.0519326144523536,-0.01715700735424265,mid,low,W(25),M2,P17,B20,W(25),M2,Male,P15,12/10/2022,a-gp120
195,B20_2_MIP.czi:c:3/4 - B20_2_MIP.czi #1,B20,4,2,0.0509513987259458,-0.006517723270127659,mid,mid,W(25),M2,P17,B20,W(25),M2,Male,P15,12/10/2022,a-gp120
196,B20_3_MIP.czi:c:3/4 - B20_3_MIP.czi #1,B20,1,3,0.06988977018072126,-0.022369985684207533,mid,low,W(25),M2,P17,B20,W(25),M2,Male,P15,12/10/2022,a-gp120
197,B20_3_MIP.czi:c:3/4 - B20_3_MIP.czi #1,B20,2,3,0.06746246829747195,-0.003827824592980464,mid,mid,W(25),M2,P17,B20,W(25),M2,Male,P15,12/10/2022,a-gp120
198,B20_3_MIP.czi:c:3/4 - B20_3_MIP.czi #1,B20,3,3,0.0733215282048287,-0.022130911407929374,mid,low,W(25),M2,P17,B20,W(25),M2,Male,P15,12/10/2022,a-gp120
199,B20_3_MIP.czi:c:3/4 - B20_3_MIP.czi #1,B20,4,3,0.09502080303778618,-0.06298474306513889,mid,low,W(25),M2,P17,B20,W(25),M2,Male,P15,12/10/2022,a-gp120
200,B21_1_MIP.czi:c:3/4 - B21_1_MIP.czi #1,B21,1,1,0.06273048951529428,0.00017276600363357042,mid,mid,W(22),M4,P17,B21,W(22),M4,Male,P15,12/18/2022,a-IL34
201,B21_1_MIP.czi:c:3/4 - B21_1_MIP.czi #1,B21,2,1,0.04983808975235808,0.0014269061554049028,low,mid,W(22),M4,P17,B21,W(22),M4,Male,P15,12/18/2022,a-IL34
202,B21_1_MIP.czi:c:3/4 - B21_1_MIP.czi #1,B21,3,1,0.04198546005881962,0.011720578416859681,low,high,W(22),M4,P17,B21,W(22),M4,Male,P15,12/18/2022,a-IL34
203,B21_1_MIP.czi:c:3/4 - B21_1_MIP.czi #1,B21,4,1,0.09785387955948173,-0.02050274714932046,mid,low,W(22),M4,P17,B21,W(22),M4,Male,P15,12/18/2022,a-IL34
204,B21_2_MIP.czi:c:3/4 - B21_2_MIP.czi #1,B21,1,2,0.05251450651157451,-0.0024224249884953752,mid,mid,W(22),M4,P17,B21,W(22),M4,Male,P15,12/18/2022,a-IL34
205,B21_2_MIP.czi:c:3/4 - B21_2_MIP.czi #1,B21,2,2,0.11224300044140259,-0.024587396243478055,high,low,W(22),M4,P17,B21,W(22),M4,Male,P15,12/18/2022,a-IL34
206,B21_2_MIP.czi:c:3/4 - B21_2_MIP.czi #1,B21,3,2,0.050638221424578425,-0.011828777735524543,mid,low,W(22),M4,P17,B21,W(22),M4,Male,P15,12/18/2022,a-IL34
207,B21_2_MIP.czi:c:3/4 - B21_2_MIP.czi #1,B21,4,2,0.08939520176448164,-0.014690942842324112,mid,low,W(22),M4,P17,B21,W(22),M4,Male,P15,12/18/2022,a-IL34
208,B21_3_MIP.czi:c:3/4 - B21_3_MIP.czi #1,B21,1,3,0.1279893347241569,-0.010547796005083057,high,low,W(22),M4,P17,B21,W(22),M4,Male,P15,12/18/2022,a-IL34
209,B21_3_MIP.czi:c:3/4 - B21_3_MIP.czi #1,B21,2,3,0.14478689633944325,-0.005732616526195333,high,mid,W(22),M4,P17,B21,W(22),M4,Male,P15,12/18/2022,a-IL34
210,B21_3_MIP.czi:c:3/4 - B21_3_MIP.czi #1,B21,3,3,0.09629805719564902,-0.01593654865364913,mid,low,W(22),M4,P17,B21,W(22),M4,Male,P15,12/18/2022,a-IL34
211,B21_3_MIP.czi:c:3/4 - B21_3_MIP.czi #1,B21,4,3,0.06799173266409697,-0.014978519644438595,mid,low,W(22),M4,P17,B21,W(22),M4,Male,P15,12/18/2022,a-IL34
212,B22_1_MIP.czi:c:3/4 - B22_1_MIP.czi #1,B22,1,1,0.11914238756629886,0.006108314587347535,high,mid,W(25),M1,P17,B22,W(25),M1,Male,P15,12/10/2022,a-gp120
213,B22_1_MIP.czi:c:3/4 - B22_1_MIP.czi #1,B22,2,1,0.10622234802015086,-0.0028537006342825855,mid,mid,W(25),M1,P17,B22,W(25),M1,Male,P15,12/10/2022,a-gp120
214,B22_1_MIP.czi:c:3/4 - B22_1_MIP.czi #1,B22,3,1,0.09817033292174711,-0.004534786752668329,mid,mid,W(25),M1,P17,B22,W(25),M1,Male,P15,12/10/2022,a-gp120
215,B22_1_MIP.czi:c:3/4 - B22_1_MIP.czi #1,B22,4,1,0.04890166951386217,0.00817931374269619,low,mid,W(25),M1,P17,B22,W(25),M1,Male,P15,12/10/2022,a-gp120
216,B22_2_MIP.czi:c:3/4 - B22_2_MIP.czi #1,B22,1,2,0.152163604612376,-0.01058256427697804,high,low,W(25),M1,P17,B22,W(25),M1,Male,P15,12/10/2022,a-gp120
217,B22_2_MIP.czi:c:3/4 - B22_2_MIP.czi #1,B22,2,2,0.0893327637489619,0.01936940642056023,mid,high,W(25),M1,P17,B22,W(25),M1,Male,P15,12/10/2022,a-gp120
218,B22_2_MIP.czi:c:3/4 - B22_2_MIP.czi #1,B22,3,2,0.0027450734059438486,-0.06773512340526389,low,low,W(25),M1,P17,B22,W(25),M1,Male,P15,12/10/2022,a-gp120
219,B22_2_MIP.czi:c:3/4 - B22_2_MIP.czi #1,B22,4,2,0.10743381492347313,0.002723612161231029,mid,mid,W(25),M1,P17,B22,W(25),M1,Male,P15,12/10/2022,a-gp120
220,B22_3_MIP.czi:c:3/4 - B22_3_MIP.czi #1,B22,1,3,0.1113857352381987,-0.01982005252532866,high,low,W(25),M1,P17,B22,W(25),M1,Male,P15,12/10/2022,a-gp120
221,B22_3_MIP.czi:c:3/4 - B22_3_MIP.czi #1,B22,2,3,0.049058303071125214,0.0015532398976545597,low,mid,W(25),M1,P17,B22,W(25),M1,Male,P15,12/10/2022,a-gp120
222,B22_3_MIP.czi:c:3/4 - B22_3_MIP.czi #1,B22,3,3,0.05833862588570102,0.004021945200922666,mid,mid,W(25),M1,P17,B22,W(25),M1,Male,P15,12/10/2022,a-gp120
223,B22_3_MIP.czi:c:3/4 - B22_3_MIP.czi #1,B22,4,3,0.08933847761953745,0.0162522615567455,mid,high,W(25),M1,P17,B22,W(25),M1,Male,P15,12/10/2022,a-gp120
224,B24_1_MIP.czi:c:3/4 - B24_1_MIP.czi #1,B24,1,1,0.0725491661074971,0.015498857292184642,mid,high,W(28),F1.1,P17,B24,W(28),F1,Female,P15,1/11/2023,a-CSF1
225,B24_1_MIP.czi:c:3/4 - B24_1_MIP.czi #1,B24,2,1,0.09933169133598549,0.020579005112998483,mid,high,W(28),F1.1,P17,B24,W(28),F1,Female,P15,1/11/2023,a-CSF1
226,B24_1_MIP.czi:c:3/4 - B24_1_MIP.czi #1,B24,3,1,0.09845824884926346,0.023929697163148855,mid,high,W(28),F1.1,P17,B24,W(28),F1,Female,P15,1/11/2023,a-CSF1
227,B24_1_MIP.czi:c:3/4 - B24_1_MIP.czi #1,B24,4,1,0.06579751618370237,0.031783423699907457,mid,high,W(28),F1.1,P17,B24,W(28),F1,Female,P15,1/11/2023,a-CSF1
228,B24_2_MIP.czi:c:3/4 - B24_2_MIP.czi #1,B24,1,2,0.04976711717866991,-0.010859743844785733,low,low,W(28),F1.1,P17,B24,W(28),F1,Female,P15,1/11/2023,a-CSF1
229,B24_2_MIP.czi:c:3/4 - B24_2_MIP.czi #1,B24,2,2,0.006990569086795614,-0.04629546528657183,low,low,W(28),F1.1,P17,B24,W(28),F1,Female,P15,1/11/2023,a-CSF1
230,B24_2_MIP.czi:c:3/4 - B24_2_MIP.czi #1,B24,3,2,0.05108400867663128,-0.015470588637809951,mid,low,W(28),F1.1,P17,B24,W(28),F1,Female,P15,1/11/2023,a-CSF1
231,B24_2_MIP.czi:c:3/4 - B24_2_MIP.czi #1,B24,4,2,0.04800551242988341,0.003788180575144545,low,mid,W(28),F1.1,P17,B24,W(28),F1,Female,P15,1/11/2023,a-CSF1
232,B24_3_MIP.czi:c:3/4 - B24_3_MIP.czi #1,B24,1,3,0.14789500806223715,-0.018272852702096165,high,low,W(28),F1.1,P17,B24,W(28),F1,Female,P15,1/11/2023,a-CSF1
233,B24_3_MIP.czi:c:3/4 - B24_3_MIP.czi #1,B24,2,3,0.058292158451014264,-0.006134695554228339,mid,mid,W(28),F1.1,P17,B24,W(28),F1,Female,P15,1/11/2023,a-CSF1
234,B24_3_MIP.czi:c:3/4 - B24_3_MIP.czi #1,B24,3,3,0.08075392790086527,-0.02557656864441786,mid,low,W(28),F1.1,P17,B24,W(28),F1,Female,P15,1/11/2023,a-CSF1
235,B24_3_MIP.czi:c:3/4 - B24_3_MIP.czi #1,B24,4,3,0.06323687589049808,-0.016133682631493382,mid,low,W(28),F1.1,P17,B24,W(28),F1,Female,P15,1/11/2023,a-CSF1
236,B25_1_MIP.czi:c:3/4 - B25_1_MIP.czi #1,B25,1,1,0.11350450024147044,-0.04925814072031878,high,low,W(28),M1.1,P17,B25,W(28),M1,Male,P15,1/11/2023,a-CSF1
237,B25_1_MIP.czi:c:3/4 - B25_1_MIP.czi #1,B25,2,1,0.12953156419625528,0.015707671328208078,high,high,W(28),M1.1,P17,B25,W(28),M1,Male,P15,1/11/2023,a-CSF1
238,B25_1_MIP.czi:c:3/4 - B25_1_MIP.czi #1,B25,3,1,0.05960450572259328,0.008029944695917987,mid,mid,W(28),M1.1,P17,B25,W(28),M1,Male,P15,1/11/2023,a-CSF1
239,B25_1_MIP.czi:c:3/4 - B25_1_MIP.czi #1,B25,4,1,0.10915737212251062,0.017774845060253786,mid,high,W(28),M1.1,P17,B25,W(28),M1,Male,P15,1/11/2023,a-CSF1
240,B25_2_MIP.czi:c:3/4 - B25_2_MIP.czi #1,B25,1,2,0.10060397981786698,-0.011205510092708287,mid,low,W(28),M1.1,P17,B25,W(28),M1,Male,P15,1/11/2023,a-CSF1
241,B25_2_MIP.czi:c:3/4 - B25_2_MIP.czi #1,B25,2,2,0.1135522134947734,-0.00389133794373607,high,mid,W(28),M1.1,P17,B25,W(28),M1,Male,P15,1/11/2023,a-CSF1
242,B25_2_MIP.czi:c:3/4 - B25_2_MIP.czi #1,B25,3,2,0.08422084963269491,-0.005498312409074849,mid,mid,W(28),M1.1,P17,B25,W(28),M1,Male,P15,1/11/2023,a-CSF1
243,B25_2_MIP.czi:c:3/4 - B25_2_MIP.czi #1,B25,4,2,0.10877410346421232,-0.01836192750205483,mid,low,W(28),M1.1,P17,B25,W(28),M1,Male,P15,1/11/2023,a-CSF1
244,B25_3_MIP.czi:c:3/4 - B25_3_MIP.czi #1,B25,1,3,0.07300930308273895,-0.02800471082867577,mid,low,W(28),M1.1,P17,B25,W(28),M1,Male,P15,1/11/2023,a-CSF1
245,B25_3_MIP.czi:c:3/4 - B25_3_MIP.czi #1,B25,2,3,0.10748799347463805,-0.05367954003698641,mid,low,W(28),M1.1,P17,B25,W(28),M1,Male,P15,1/11/2023,a-CSF1
246,B25_3_MIP.czi:c:3/4 - B25_3_MIP.czi #1,B25,3,3,0.09028979440568016,-0.03621563540669602,mid,low,W(28),M1.1,P17,B25,W(28),M1,Male,P15,1/11/2023,a-CSF1
247,B25_3_MIP.czi:c:3/4 - B25_3_MIP.czi #1,B25,4,3,0.09212732672627175,0.009424269215037806,mid,mid,W(28),M1.1,P17,B25,W(28),M1,Male,P15,1/11/2023,a-CSF1
248,B26_1_MIP.czi:c:3/4 - B26_1_MIP.czi #1,B26,1,1,0.18245399846556193,-0.024983424123450948,high,low,W(25),F1.1,P17,B26,W(25)-3,F1,Female,P15,1/10/2023,a-CSF1
249,B26_1_MIP.czi:c:3/4 - B26_1_MIP.czi #1,B26,2,1,0.23501758728467753,0.008005072074927982,high,mid,W(25),F1.1,P17,B26,W(25)-3,F1,Female,P15,1/10/2023,a-CSF1
250,B26_1_MIP.czi:c:3/4 - B26_1_MIP.czi #1,B26,3,1,0.14536907827538093,-0.004327552473709181,high,mid,W(25),F1.1,P17,B26,W(25)-3,F1,Female,P15,1/10/2023,a-CSF1
251,B26_1_MIP.czi:c:3/4 - B26_1_MIP.czi #1,B26,4,1,0.2771930957300275,-0.04088174526008752,high,low,W(25),F1.1,P17,B26,W(25)-3,F1,Female,P15,1/10/2023,a-CSF1
252,B26_2_MIP.czi:c:3/4 - B26_2_MIP.czi #1,B26,1,2,0.16005193441092375,-0.009199976658691711,high,low,W(25),F1.1,P17,B26,W(25)-3,F1,Female,P15,1/10/2023,a-CSF1
253,B26_2_MIP.czi:c:3/4 - B26_2_MIP.czi #1,B26,2,2,0.18967215244235422,-0.028559082546432052,high,low,W(25),F1.1,P17,B26,W(25)-3,F1,Female,P15,1/10/2023,a-CSF1
254,B26_2_MIP.czi:c:3/4 - B26_2_MIP.czi #1,B26,3,2,0.2971721088040028,-0.024633524008778274,high,low,W(25),F1.1,P17,B26,W(25)-3,F1,Female,P15,1/10/2023,a-CSF1
255,B26_2_MIP.czi:c:3/4 - B26_2_MIP.czi #1,B26,4,2,0.24369998497557396,0.008754384021295247,high,mid,W(25),F1.1,P17,B26,W(25)-3,F1,Female,P15,1/10/2023,a-CSF1
256,B26_3_MIP.czi:c:3/4 - B26_3_MIP.czi #1,B26,1,3,0.16161538974773362,-0.010850926360485944,high,low,W(25),F1.1,P17,B26,W(25)-3,F1,Female,P15,1/10/2023,a-CSF1
257,B26_3_MIP.czi:c:3/4 - B26_3_MIP.czi #1,B26,2,3,0.223445665647697,-0.05088985463517662,high,low,W(25),F1.1,P17,B26,W(25)-3,F1,Female,P15,1/10/2023,a-CSF1
258,B26_3_MIP.czi:c:3/4 - B26_3_MIP.czi #1,B26,3,3,0.12932870152246478,-0.001927757016282755,high,mid,W(25),F1.1,P17,B26,W(25)-3,F1,Female,P15,1/10/2023,a-CSF1
259,B26_3_MIP.czi:c:3/4 - B26_3_MIP.czi #1,B26,4,3,0.1601891879520622,-0.0031178642742279716,high,mid,W(25),F1.1,P17,B26,W(25)-3,F1,Female,P15,1/10/2023,a-CSF1
260,B27_1_MIP.czi:c:3/4 - B27_1_MIP.czi #1,B27,1,1,0.1264092170732123,-0.0869921359050691,high,low,W(28),F3.1,P17,B27,W(28),F3,Female,P15,1/11/2023,a-gp120
261,B27_1_MIP.czi:c:3/4 - B27_1_MIP.czi #1,B27,2,1,0.10094910291781216,-0.027441485858929582,mid,low,W(28),F3.1,P17,B27,W(28),F3,Female,P15,1/11/2023,a-gp120
262,B27_1_MIP.czi:c:3/4 - B27_1_MIP.czi #1,B27,3,1,0.13637073408845177,-0.05880029602880506,high,low,W(28),F3.1,P17,B27,W(28),F3,Female,P15,1/11/2023,a-gp120
263,B27_1_MIP.czi:c:3/4 - B27_1_MIP.czi #1,B27,4,1,0.12593137190589745,-0.05076058885209771,high,low,W(28),F3.1,P17,B27,W(28),F3,Female,P15,1/11/2023,a-gp120
264,B27_2_MIP.czi:c:3/4 - B27_2_MIP.czi #1,B27,1,2,0.1730595287484552,-0.03304375488352118,high,low,W(28),F3.1,P17,B27,W(28),F3,Female,P15,1/11/2023,a-gp120
265,B27_2_MIP.czi:c:3/4 - B27_2_MIP.czi #1,B27,2,2,0.16310433252025988,-0.03273439896593727,high,low,W(28),F3.1,P17,B27,W(28),F3,Female,P15,1/11/2023,a-gp120
266,B27_2_MIP.czi:c:3/4 - B27_2_MIP.czi #1,B27,3,2,0.07380865533922149,-0.03679574727808012,mid,low,W(28),F3.1,P17,B27,W(28),F3,Female,P15,1/11/2023,a-gp120
267,B27_2_MIP.czi:c:3/4 - B27_2_MIP.czi #1,B27,4,2,0.09515865838374535,-0.04070011521866582,mid,low,W(28),F3.1,P17,B27,W(28),F3,Female,P15,1/11/2023,a-gp120
268,B27_3_MIP.czi:c:3/4 - B27_3_MIP.czi #1,B27,1,3,0.14838752721353485,-0.021359507555662627,high,low,W(28),F3.1,P17,B27,W(28),F3,Female,P15,1/11/2023,a-gp120
269,B27_3_MIP.czi:c:3/4 - B27_3_MIP.czi #1,B27,2,3,0.16399859963492971,-0.028263338303119834,high,low,W(28),F3.1,P17,B27,W(28),F3,Female,P15,1/11/2023,a-gp120
270,B27_3_MIP.czi:c:3/4 - B27_3_MIP.czi #1,B27,3,3,0.1033719524237901,-0.00984536060134586,mid,low,W(28),F3.1,P17,B27,W(28),F3,Female,P15,1/11/2023,a-gp120
271,B27_3_MIP.czi:c:3/4 - B27_3_MIP.czi #1,B27,4,3,0.09906979904655297,0.0006923756423965755,mid,mid,W(28),F3.1,P17,B27,W(28),F3,Female,P15,1/11/2023,a-gp120
272,B28_1_MIP.czi:c:3/4 - B28_1_MIP.czi #1,B28,1,1,0.11764897710720262,-0.037751426852889985,high,low,W(25),F3.1,P17,B28,W(25)-3,F3,Female,P15,1/10/2023,a-IL34
273,B28_1_MIP.czi:c:3/4 - B28_1_MIP.czi #1,B28,2,1,0.17429238131238653,-0.03386631469196677,high,low,W(25),F3.1,P17,B28,W(25)-3,F3,Female,P15,1/10/2023,a-IL34
274,B28_1_MIP.czi:c:3/4 - B28_1_MIP.czi #1,B28,3,1,0.18931488522563084,-0.049891574546401876,high,low,W(25),F3.1,P17,B28,W(25)-3,F3,Female,P15,1/10/2023,a-IL34
275,B28_1_MIP.czi:c:3/4 - B28_1_MIP.czi #1,B28,4,1,0.1895655775324108,-0.05697587537221048,high,low,W(25),F3.1,P17,B28,W(25)-3,F3,Female,P15,1/10/2023,a-IL34
276,B28_2_MIP.czi:c:3/4 - B28_2_MIP.czi #1,B28,1,2,0.04000640081875713,-0.025495453750019784,low,low,W(25),F3.1,P17,B28,W(25)-3,F3,Female,P15,1/10/2023,a-IL34
277,B28_2_MIP.czi:c:3/4 - B28_2_MIP.czi #1,B28,2,2,0.03802263689114728,-0.022328445048322043,low,low,W(25),F3.1,P17,B28,W(25)-3,F3,Female,P15,1/10/2023,a-IL34
278,B28_2_MIP.czi:c:3/4 - B28_2_MIP.czi #1,B28,3,2,0.011160002776406025,-0.0027025748513318654,low,mid,W(25),F3.1,P17,B28,W(25)-3,F3,Female,P15,1/10/2023,a-IL34
279,B28_2_MIP.czi:c:3/4 - B28_2_MIP.czi #1,B28,4,2,-0.014776846594684562,-0.021282224807453648,low,low,W(25),F3.1,P17,B28,W(25)-3,F3,Female,P15,1/10/2023,a-IL34
280,B28_3_MIP.czi:c:3/4 - B28_3_MIP.czi #1,B28,1,3,0.09679335538827316,-0.07232444203047093,mid,low,W(25),F3.1,P17,B28,W(25)-3,F3,Female,P15,1/10/2023,a-IL34
281,B28_3_MIP.czi:c:3/4 - B28_3_MIP.czi #1,B28,2,3,0.029920045023190817,-0.028544605950047555,low,low,W(25),F3.1,P17,B28,W(25)-3,F3,Female,P15,1/10/2023,a-IL34
282,B28_3_MIP.czi:c:3/4 - B28_3_MIP.czi #1,B28,3,3,0.08239556338758162,-0.05214937286202964,mid,low,W(25),F3.1,P17,B28,W(25)-3,F3,Female,P15,1/10/2023,a-IL34
283,B28_3_MIP.czi:c:3/4 - B28_3_MIP.czi #1,B28,4,3,5.9590212602850245e-05,-0.06662829987512899,low,low,W(25),F3.1,P17,B28,W(25)-3,F3,Female,P15,1/10/2023,a-IL34
284,B29_1_MIP.czi:c:3/4 - B29_1_MIP.czi #1,B29,1,1,0.19476478103540515,0.01729306069000132,high,high,W(25),F4.1,P17,B29,W(25)-3,F4,Female,P15,1/10/2023,a-gp120
285,B29_1_MIP.czi:c:3/4 - B29_1_MIP.czi #1,B29,2,1,0.1419499619364369,0.03120373151567933,high,high,W(25),F4.1,P17,B29,W(25)-3,F4,Female,P15,1/10/2023,a-gp120
286,B29_1_MIP.czi:c:3/4 - B29_1_MIP.czi #1,B29,3,1,0.3111829577308821,0.004687159600100466,high,mid,W(25),F4.1,P17,B29,W(25)-3,F4,Female,P15,1/10/2023,a-gp120
287,B29_1_MIP.czi:c:3/4 - B29_1_MIP.czi #1,B29,4,1,0.22208677109817104,0.025032067579758857,high,high,W(25),F4.1,P17,B29,W(25)-3,F4,Female,P15,1/10/2023,a-gp120
288,B29_2_MIP.czi:c:3/4 - B29_2_MIP.czi #1,B29,1,2,0.4148246261455028,0.022213828288275284,high,high,W(25),F4.1,P17,B29,W(25)-3,F4,Female,P15,1/10/2023,a-gp120
289,B29_2_MIP.czi:c:3/4 - B29_2_MIP.czi #1,B29,2,2,0.2748908511965335,-9.609272649682699e-05,high,mid,W(25),F4.1,P17,B29,W(25)-3,F4,Female,P15,1/10/2023,a-gp120
290,B29_2_MIP.czi:c:3/4 - B29_2_MIP.czi #1,B29,3,2,0.3841371388470042,-0.05367191638939908,high,low,W(25),F4.1,P17,B29,W(25)-3,F4,Female,P15,1/10/2023,a-gp120
291,B29_2_MIP.czi:c:3/4 - B29_2_MIP.czi #1,B29,4,2,0.27570520606560395,-0.023667566453973388,high,low,W(25),F4.1,P17,B29,W(25)-3,F4,Female,P15,1/10/2023,a-gp120
292,B29_1_MIP.czi:c:3/4 - B29_1_MIP.czi #1,B29,1,1,0.2566952551090472,0.02077436223494386,high,high,W(25),F4.1,P17,B29,W(25)-3,F4,Female,P15,1/10/2023,a-gp120
293,B29_1_MIP.czi:c:3/4 - B29_1_MIP.czi #1,B29,2,1,0.31172339582436914,0.008641045034801662,high,mid,W(25),F4.1,P17,B29,W(25)-3,F4,Female,P15,1/10/2023,a-gp120
294,B29_1_MIP.czi:c:3/4 - B29_1_MIP.czi #1,B29,3,1,0.18344981321288467,0.00911848768258186,high,mid,W(25),F4.1,P17,B29,W(25)-3,F4,Female,P15,1/10/2023,a-gp120
295,B29_1_MIP.czi:c:3/4 - B29_1_MIP.czi #1,B29,4,1,0.33118797657878846,0.004531675636808341,high,mid,W(25),F4.1,P17,B29,W(25)-3,F4,Female,P15,1/10/2023,a-gp120
296,B29_2_MIP.czi:c:3/4 - B29_2_MIP.czi #1,B29,1,2,0.39791959011846095,0.00288973011780827,high,mid,W(25),F4.1,P17,B29,W(25)-3,F4,Female,P15,1/10/2023,a-gp120
297,B29_2_MIP.czi:c:3/4 - B29_2_MIP.czi #1,B29,2,2,0.3131905327304685,-0.004685394920424246,high,mid,W(25),F4.1,P17,B29,W(25)-3,F4,Female,P15,1/10/2023,a-gp120
298,B29_2_MIP.czi:c:3/4 - B29_2_MIP.czi #1,B29,3,2,0.24284202995061657,-0.04146879549094151,high,low,W(25),F4.1,P17,B29,W(25)-3,F4,Female,P15,1/10/2023,a-gp120
299,B29_2_MIP.czi:c:3/4 - B29_2_MIP.czi #1,B29,4,2,0.3171056399619204,-0.04203284158083971,high,low,W(25),F4.1,P17,B29,W(25)-3,F4,Female,P15,1/10/2023,a-gp120
300,B29_3_MIP.czi:c:3/4 - B29_3_MIP.czi #1,B29,1,3,0.3502258465140525,-0.06525887271320896,high,low,W(25),F4.1,P17,B29,W(25)-3,F4,Female,P15,1/10/2023,a-gp120
301,B29_3_MIP.czi:c:3/4 - B29_3_MIP.czi #1,B29,2,3,0.38731385177307154,-0.06034277881867872,high,low,W(25),F4.1,P17,B29,W(25)-3,F4,Female,P15,1/10/2023,a-gp120
302,B29_3_MIP.czi:c:3/4 - B29_3_MIP.czi #1,B29,3,3,0.40940984062069624,-0.10436066921964468,high,low,W(25),F4.1,P17,B29,W(25)-3,F4,Female,P15,1/10/2023,a-gp120
303,B29_3_MIP.czi:c:3/4 - B29_3_MIP.czi #1,B29,4,3,0.22907293475426752,-0.06484352896142731,high,low,W(25),F4.1,P17,B29,W(25)-3,F4,Female,P15,1/10/2023,a-gp120
304,B30_1_MIP.czi:c:3/4 - B30_1_MIP.czi #1,B30,1,1,0.07872350538415541,-0.008586012990510913,mid,low,W(25),F2.1,P17,B30,W(25)-3,F2,Female,P15,1/10/2023,a-CSF1
305,B30_1_MIP.czi:c:3/4 - B30_1_MIP.czi #1,B30,2,1,0.12724277889427432,-0.0004124469664131547,high,mid,W(25),F2.1,P17,B30,W(25)-3,F2,Female,P15,1/10/2023,a-CSF1
306,B30_1_MIP.czi:c:3/4 - B30_1_MIP.czi #1,B30,3,1,0.13143735037742119,0.015645940002061792,high,high,W(25),F2.1,P17,B30,W(25)-3,F2,Female,P15,1/10/2023,a-CSF1
307,B30_1_MIP.czi:c:3/4 - B30_1_MIP.czi #1,B30,4,1,0.05836218986513056,-0.0017666276294321104,mid,mid,W(25),F2.1,P17,B30,W(25)-3,F2,Female,P15,1/10/2023,a-CSF1
308,B30_2_MIP.czi:c:3/4 - B30_2_MIP.czi #1,B30,1,2,0.10261614524708557,-0.017733454674149357,mid,low,W(25),F2.1,P17,B30,W(25)-3,F2,Female,P15,1/10/2023,a-CSF1
309,B30_2_MIP.czi:c:3/4 - B30_2_MIP.czi #1,B30,2,2,0.1528093675290507,-0.012044574807329428,high,low,W(25),F2.1,P17,B30,W(25)-3,F2,Female,P15,1/10/2023,a-CSF1
310,B30_2_MIP.czi:c:3/4 - B30_2_MIP.czi #1,B30,3,2,0.13555064470259603,-0.038776914294640474,high,low,W(25),F2.1,P17,B30,W(25)-3,F2,Female,P15,1/10/2023,a-CSF1
311,B30_2_MIP.czi:c:3/4 - B30_2_MIP.czi #1,B30,4,2,0.18611065586632308,-0.029771846809935096,high,low,W(25),F2.1,P17,B30,W(25)-3,F2,Female,P15,1/10/2023,a-CSF1
312,B30_3_MIP.czi:c:3/4 - B30_3_MIP.czi #1,B30,1,3,0.10216273234548792,-0.07186263372738962,mid,low,W(25),F2.1,P17,B30,W(25)-3,F2,Female,P15,1/10/2023,a-CSF1
313,B30_3_MIP.czi:c:3/4 - B30_3_MIP.czi #1,B30,2,3,0.05632484534793408,-0.03566894314646067,mid,low,W(25),F2.1,P17,B30,W(25)-3,F2,Female,P15,1/10/2023,a-CSF1
314,B30_3_MIP.czi:c:3/4 - B30_3_MIP.czi #1,B30,3,3,0.06083924145483889,-0.02309147703543256,mid,low,W(25),F2.1,P17,B30,W(25)-3,F2,Female,P15,1/10/2023,a-CSF1
315,B30_3_MIP.czi:c:3/4 - B30_3_MIP.czi #1,B30,4,3,0.047180110542851206,-0.01197240409324049,low,low,W(25),F2.1,P17,B30,W(25)-3,F2,Female,P15,1/10/2023,a-CSF1
316,B32_1_MIP.czi:c:3/4 - B32_1_MIP.czi #1,B32,1,1,0.038696456391041786,0.010283104674537608,low,high,W(28),F2.1,P17,B32,W(28),F2,Female,P15,1/11/2023,a-IL34
317,B32_1_MIP.czi:c:3/4 - B32_1_MIP.czi #1,B32,2,1,0.040106858964668396,0.015117294410436792,low,high,W(28),F2.1,P17,B32,W(28),F2,Female,P15,1/11/2023,a-IL34
318,B32_1_MIP.czi:c:3/4 - B32_1_MIP.czi #1,B32,3,1,0.07296418715473153,0.01138259507955746,mid,high,W(28),F2.1,P17,B32,W(28),F2,Female,P15,1/11/2023,a-IL34
319,B32_1_MIP.czi:c:3/4 - B32_1_MIP.czi #1,B32,4,1,0.06581943556272861,0.01118419494435817,mid,high,W(28),F2.1,P17,B32,W(28),F2,Female,P15,1/11/2023,a-IL34
320,B32_2_MIP.czi:c:3/4 - B32_2_MIP.czi #1,B32,1,2,0.04556360031158105,0.010534113735284914,low,high,W(28),F2.1,P17,B32,W(28),F2,Female,P15,1/11/2023,a-IL34
321,B32_2_MIP.czi:c:3/4 - B32_2_MIP.czi #1,B32,2,2,0.04918629871732763,0.010089369490879158,low,high,W(28),F2.1,P17,B32,W(28),F2,Female,P15,1/11/2023,a-IL34
322,B32_2_MIP.czi:c:3/4 - B32_2_MIP.czi #1,B32,3,2,0.027942345920483003,0.00197108988289689,low,mid,W(28),F2.1,P17,B32,W(28),F2,Female,P15,1/11/2023,a-IL34
323,B32_2_MIP.czi:c:3/4 - B32_2_MIP.czi #1,B32,4,2,0.07434119305369238,0.007211253888761877,mid,mid,W(28),F2.1,P17,B32,W(28),F2,Female,P15,1/11/2023,a-IL34
324,B32_3_MIP.czi:c:3/4 - B32_3_MIP.czi #1,B32,1,3,0.06079301009760874,0.007607544628417742,mid,mid,W(28),F2.1,P17,B32,W(28),F2,Female,P15,1/11/2023,a-IL34
325,B32_3_MIP.czi:c:3/4 - B32_3_MIP.czi #1,B32,2,3,0.07016441582048724,-0.0005473709298458099,mid,mid,W(28),F2.1,P17,B32,W(28),F2,Female,P15,1/11/2023,a-IL34
326,B32_3_MIP.czi:c:3/4 - B32_3_MIP.czi #1,B32,3,3,0.11508367413280161,0.004353900527724566,high,mid,W(28),F2.1,P17,B32,W(28),F2,Female,P15,1/11/2023,a-IL34
327,B32_3_MIP.czi:c:3/4 - B32_3_MIP.czi #1,B32,4,3,0.05986550768794199,0.008274525617761055,mid,mid,W(28),F2.1,P17,B32,W(28),F2,Female,P15,1/11/2023,a-IL34
